Name,Surname,Email,Registered with England Touch,Available 7th of Feb, Available 14th Feb, Available 21st Feb
Last chance,wokrywokr,catlow.alex@gmail.com,yes,Available,Unavailable,Available
Please,Catlow,letthis.work@gmail.com,yes,Available,Available,Available
Please,Catlow,letthis.work@gmail.com,yes,Available,Available,Available
alex,Catlow,catlow.alex@gmail.com,yes,Unavailable,Available,Available
Alex,Catlow,catlow.alex@gmail.com,yes,Available,Available,Available
Alex,wokrywokr,catlow.alex@gmail.com,yes,Available,Available,Available
Alex,HAMER,catlow.alex@gmail.com,Yes,Available,Unavailable,Available
Alex,amy,catlow.alex@gmail.com,Yes,Unavailable,Unavailable,Available
Alex,Catlow,catlow.alex@gmail.com,Yes,Unavailable,Available,Available
Alex ,Catlow ,catlow.alex@gmail.com,Yes,Available,Available,Available
